sample,elapsed_seconds,object_prompt,width,height,ttft_ms,request_to_final_ms,frame_preprocess_to_final_ms,max_tokens,temperature
1,0.0,1,640,360,57.76401299999634,66.18770500006121,74.13270200004263,32,0
2,1.998314,1,640,360,99.48609000002762,228.51267999999436,229.3429119999928,32,0
3,4.01473,1,640,360,25.526952999939567,33.31507899997632,33.975736000002144,32,0
4,6.016576,1,640,360,28.80759200002103,40.899265999996715,41.684790999966026,32,0
5,8.035799,1,640,360,73.15724900001896,77.65695000000505,78.34605599998667,32,0
6,9.963143,1,640,360,23.825026999929833,30.26458699991963,30.89756499991836,32,0
7,12.697341,1,480,270,102.22164499998598,123.96017399998982,124.69119699994735,32,0
8,14.674658,1,480,270,23.712242999977207,30.173826000009285,30.67113400004473,32,0
9,16.646979,1,480,270,23.31540300008328,35.71444900001097,36.22450499995011,32,0
10,18.644635,1,480,270,103.93576900003154,128.89238700006445,129.3627860000015,32,0
11,20.628757,1,480,270,24.16497400008666,35.8427460000712,36.29585800001678,32,0
12,22.635083,1,480,270,24.730888000021878,37.20284200005608,37.691841000082604,32,0
13,24.629391,1,480,270,103.94417200006956,156.5339109999968,157.03730699999596,32,0
14,26.640791,1,480,270,22.95950300003824,35.420425999973304,35.937740999997914,32,0
15,28.639405,1,480,270,24.361051999903793,35.73995299996113,36.20712500003265,32,0
16,30.65708,1,480,270,96.02203199995074,169.89245999991454,170.39961799991943,32,0
17,32.656952,1,480,270,23.7057699999923,36.92623500000991,37.41924799999197,32,0
18,34.697977,1,480,270,23.911089999955948,36.378949999971155,36.94744699998864,32,0
19,38.698721,1,480,270,105.79656099992008,201.41718699994726,201.9000169999572,32,0
20,40.69967,1,480,270,22.57842200003779,34.997829999952046,35.55113799995979,32,0
21,42.63741,0,480,270,23.154487999931916,195.4502799999318,195.96280899997964,32,0
22,44.594342,0,480,270,22.838783999986845,202.47457499999655,203.02058599997963,32,0
23,46.550594,0,480,270,22.36870000001545,117.14886599997953,117.6681209999515,32,0
24,48.53337,0,480,270,22.380340000040633,130.31582400003572,130.8017019999852,32,0
25,50.508233,0,480,270,23.09130899993761,114.44136899990554,114.93403399992985,32,0
26,52.507107,0,480,270,24.528597999960766,185.28292500002408,185.82184100000632,32,0
27,54.494471,0,480,270,22.468070999934753,130.63033299999915,131.1986780000325,32,0
28,56.501937,0,480,270,23.8167989999738,116.95629600001212,117.47370700004467,32,0
29,58.496673,0,480,270,24.928842000008444,102.20519699998931,102.68930699999146,32,0
30,60.510278,0,480,270,22.661082000013266,109.28447000003416,109.77886400007719,32,0
31,62.508747,0,320,180,25.109827000051155,123.4160819999488,123.84008499998345,32,0
32,64.525198,0,320,180,22.746569999981148,121.49975700003779,121.89053800000238,32,0
33,66.527704,0,320,180,22.712697000088156,169.68523500008814,170.07757400006085,32,0
34,68.529329,0,320,180,23.722013999986302,106.68447699993067,107.0435679999946,32,0
35,70.549873,0,320,180,23.172156999976323,165.57827499991618,166.178418999948,32,0
36,72.551328,0,320,180,22.01398700003665,120.14698500001941,120.5104929999834,32,0
37,74.510604,0,320,180,21.775836000074378,173.3107940000309,173.67168299995228,32,0
38,76.451021,0,320,180,22.64745899992704,157.57549299996754,157.93120800003635,32,0
39,78.422095,0,320,180,22.67752200009454,113.3472610000581,113.7017690000448,32,0
40,80.38889,0,320,180,23.252501999991182,118.79131600005621,119.19407300001694,32,0
41,82.379178,0,320,180,22.520989999975427,121.35845900002096,121.73737800003437,32,0
42,84.362118,0,320,180,22.464941000066574,155.8051350000369,156.16764599997168,32,0
43,86.365309,0,320,180,23.057779000055234,118.19953099995928,118.58258199993088,32,0
44,88.356548,0,320,180,21.756781999897612,136.25256000000263,136.57983100006277,32,0
45,90.367687,0,320,180,21.62627200004863,133.78511800010529,134.3040110000402,32,0
46,92.36433,0,320,180,22.145711000007395,95.56632300007095,95.94334600001275,32,0
47,94.364518,0,320,180,22.026449999998476,128.95517499998732,129.31008199996086,32,0
48,96.37993,0,320,180,21.104306999973232,132.68353199998728,133.05398599993623,32,0
49,98.462548,0,320,180,23.447149999924477,205.05009799990148,205.4417279999825,32,0
50,100.46415,0,320,180,23.006318000057036,205.64924799998607,206.019529999935,32,0
51,102.466923,0,320,180,22.21807399996578,207.56782199998725,207.984146000058,32,0
52,104.486309,0,320,180,22.869408000019575,83.80438599999707,84.22470300001805,32,0
53,106.432053,0,320,180,24.30252900001051,181.54199200000676,181.90012799993838,32,0
54,108.386928,0,320,180,21.68040000003657,195.75857799998175,196.12850299995443,32,0
55,110.341842,0,320,180,21.565644000020256,111.62503399998513,112.03378400000474,32,0
56,112.324078,0,320,180,21.83450100005757,134.518608999997,134.84777099995426,32,0
57,114.298458,0,320,180,21.668669000064256,79.61443300007431,80.01378200003728,32,0
58,116.297114,0,320,180,23.855253000078847,203.63925900005597,204.01378600001863,32,0
59,118.283799,0,320,180,20.96499300000687,45.7218980000107,46.09457100002601,32,0
60,120.29177,0,320,180,22.185315000001538,76.169334000042,76.53954800002793,32,0
61,122.285371,0,320,180,23.631791000070734,65.6348050000588,66.01611300004606,32,0
62,124.299175,0,320,180,99.90434099995582,178.47783799993522,178.9017999999487,32,0
63,126.297612,0,320,180,20.87391200007005,69.66978600007678,70.16489099999035,32,0
64,128.297885,0,320,180,24.39281400006621,147.44426400000066,147.80722599994078,32,0
65,130.315947,0,320,180,23.33306699995319,171.84581799995158,172.20577599994158,32,0
66,132.317814,0,320,180,22.514313999977276,177.6698439999791,178.11993599991638,32,0
67,134.335519,0,320,180,22.58801300001778,178.82092000002103,179.24778199994762,32,0
68,136.339279,0,320,180,22.977350000019214,190.21146500006125,190.69134200003646,32,0
69,138.305794,0,320,180,21.67156900009104,185.31673400002546,185.6707130000359,32,0
70,140.243935,0,320,180,21.081653999999617,32.80978899999809,33.150766000062504,32,0
71,142.213535,0,320,180,22.73492000006172,177.05127900001116,177.39613200001259,32,0
72,144.17934,0,320,180,22.96979300001567,34.768646000088665,35.25401900003544,32,0
73,146.169516,0,320,180,24.26054300008218,176.01711600002545,176.40337600005296,32,0
74,148.151456,0,480,270,23.973125999987133,207.9781060000414,208.4689079999862,32,0
75,150.15409,0,480,270,23.63631000002897,36.14590899996983,36.62651000001915,32,0
76,152.145747,0,480,270,24.04381500002728,169.2894799999749,169.86133000000336,32,0
77,154.13971,0,480,270,23.45471399996768,131.16506799997296,131.70076899996275,32,0
78,157.023226,0,480,270,23.031779999996616,124.76928000000953,125.2810060000229,32,0
79,161.039214,0,480,270,24.701871000047504,186.99309600003744,187.47977900000024,32,0
80,163.186041,0,320,180,23.672946000033335,214.00413900005333,214.34500899999875,32,0
81,165.187784,0,320,180,20.380679999902895,119.01164799996877,119.46854899997561,32,0
82,167.191453,0,320,180,23.090835000061816,152.07770699998946,152.4548219999815,32,0
83,169.549802,0,320,180,23.184606999961943,111.42971599997509,111.95241500001885,32,0
84,171.586653,0,320,180,20.99462199998925,116.19879299996683,116.57103099992128,32,0
85,175.040691,0,320,180,23.640946999989865,133.23791900006654,133.63785700005337,32,0
86,176.528409,0,320,180,22.09351500005141,93.83524600002602,94.25238899996202,32,0
87,179.824991,0,320,180,22.345820000055028,181.84341699998186,182.19945199996346,32,0
88,184.133408,0,320,180,23.693231000038395,207.0980350000582,207.4873579999803,32,0
89,186.213834,0,320,180,22.780188000069757,173.64308800006256,173.99263300001166,32,0
90,188.636997,0,320,180,23.036295999986578,145.9239839999782,146.26548499995806,32,0
91,191.038756,0,320,180,22.407126999951288,118.73528700004954,119.08009800004038,32,0
92,193.248109,0,320,180,22.42517100000896,153.87149000002864,154.26114599995344,32,0
93,195.249388,0,320,180,22.915139000019735,171.20802399995227,171.5572580000071,32,0
94,197.267942,0,320,180,23.624201999950856,197.29081299999507,197.74311000003308,32,0
95,199.27074,0,320,180,23.261435999984315,172.2539400000187,172.72900099999333,32,0
96,201.289529,0,320,180,22.806341999967117,171.07944599990788,171.49088899998333,32,0
97,203.24196,0,320,180,21.460540000020956,146.6085979999434,146.95921099996667,32,0
98,205.195503,0,320,180,20.491907000064202,98.09607900001538,98.44937399998344,32,0
99,207.150025,0,320,180,22.940330999972502,120.28664199999639,120.64593100001275,32,0
100,209.130521,0,320,180,20.82526100002724,125.52943600007893,125.88408800002071,32,0
101,211.104479,0,320,180,20.815106999975796,84.18232400003944,84.5716880000964,32,0
102,213.086417,0,320,180,22.41058000004159,117.51587800006291,117.8962029999866,32,0
103,215.088983,0,320,180,21.896298999990904,134.7052649999796,135.06804100006775,32,0
104,217.079806,0,320,180,23.061762999986968,152.95491799997762,153.31101399999625,32,0
105,219.091182,0,320,180,23.49919299990688,141.1433149999084,141.56313499995576,32,0
106,221.087668,0,320,180,21.988463000070624,144.79791500002648,145.179072000019,32,0
107,243.55731,0,640,360,221.60573800010752,301.60452800009807,302.26210199998604,32,0
108,245.53658,0,640,360,23.91433799994047,107.58725899995625,108.38116600007197,32,0
109,247.540083,0,640,360,24.49377400012054,168.93212700006188,169.60331400014184,32,0
110,249.531416,0,640,360,24.546127999883538,133.15402900002482,133.88715400014917,32,0
111,251.542436,0,640,360,25.457041999970897,90.40021199984949,91.1695800000416,32,0
112,253.53979,0,640,360,26.234628999873166,151.01587200001632,151.72037500019542,32,0
113,255.554912,0,640,360,24.318233000030887,131.39128199986772,132.09373699987736,32,0
114,257.555975,0,640,360,24.845107000146527,130.1475230000051,130.83256999993864,32,0
115,259.573888,0,640,360,25.395353000021714,110.02580100011983,110.68345200010299,32,0
116,261.577051,0,640,360,24.408409999978176,140.74034500004018,141.47351799988428,32,0
117,264.324062,0,480,270,24.416062000000238,131.4595690000715,131.92773800005853,32,0
118,266.455759,0,480,270,22.547758999962753,126.84767800010377,127.35871100016993,32,0
119,268.385467,0,480,270,21.72129399991718,81.12666700003501,81.65790900011416,32,0
120,270.347514,0,320,180,22.43772099996022,134.0378330000931,134.39790100005666,32,0
121,272.307471,0,320,180,20.770632999983718,81.91343199996481,82.26309499991658,32,0
122,274.294306,0,320,180,21.361580999837315,148.49798000000192,148.82979800017893,32,0
123,276.272381,0,320,180,22.40258200004064,151.41903599987927,151.81897699994806,32,0
124,278.273619,0,320,180,22.646317999942767,145.4243769999266,145.82368300011694,32,0
125,280.264188,0,320,180,22.80184599999302,128.8468909999665,129.2487609998716,32,0
126,282.273302,0,320,180,22.639994999963164,136.38905500010878,136.76026999996793,32,0
127,284.269539,0,320,180,23.24663900003543,125.14308400000118,125.50499899998613,32,0
128,286.284671,0,320,180,22.899136999967595,131.29323799989834,131.68747199983954,32,0
129,288.284092,0,320,180,22.801390000040556,40.76997099991786,41.204010999990714,32,0
130,290.28572,0,320,180,23.432941000010032,41.39077099989663,41.750204999971174,32,0
131,292.305841,0,320,180,91.73489999989215,173.91931399993155,174.26414900000964,32,0
132,294.306769,0,320,180,23.25684600009481,41.28206800010048,41.69415100000151,32,0
133,296.32589,0,320,180,23.64261799993983,40.701728999920306,41.05908899987298,32,0
134,298.331287,0,320,180,92.7696339999784,220.0340199999573,220.39431000007426,32,0
135,300.29569,0,320,180,21.68882399996619,80.0831010001275,80.46925200005717,32,0
136,302.231943,0,320,180,21.98410599999079,55.739587000061874,56.10419799995725,32,0
137,304.200119,0,320,180,22.673194999924817,50.942822000024535,51.31402500001059,32,0
138,306.165133,0,320,180,82.7077310000277,245.76895399991372,246.18613299981007,32,0
139,308.153321,0,320,180,22.555098000111684,41.63692800011631,42.04208999999537,32,0
140,310.134495,0,320,180,23.10551799996574,40.10992200005603,40.4741660001946,32,0
141,312.137456,0,320,180,91.22892300001695,239.45963300002404,239.79560499992658,32,0
142,314.127002,0,320,180,21.257346000084,33.07199300002139,33.433334999926956,32,0
143,316.122322,0,320,180,22.633934999930716,39.75409999998192,40.102460000071005,32,0
144,318.136661,0,320,180,73.24261200005822,119.1645179999341,119.54632599986326,32,0
145,320.136072,0,320,180,22.605254999916724,96.9294120000086,97.31269600001724,32,0
146,322.15336,0,320,180,22.23406600000999,39.898752999988574,40.2786129998276,32,0
147,324.156421,0,320,180,96.75898299997243,110.54589700006545,110.92785599998933,32,0
148,326.173081,0,320,180,23.167460000195206,39.36909399999422,39.76889999989908,32,0
149,328.175519,0,320,180,22.643871000127547,40.01890600011393,40.36496200001238,32,0
150,330.194959,0,320,180,85.64883600001849,133.21791900011704,133.56252700009463,32,0
151,332.149933,0,320,180,22.040968000055727,38.59283600013441,39.0617350001321,32,0
152,334.10213,0,320,180,22.778122999852712,39.62097499993433,40.025885999966704,32,0
153,336.056065,0,320,180,82.34583199987355,152.06367899986617,152.4388469999849,32,0
154,338.034997,0,320,180,22.76720499980911,40.44120000003204,40.826731000151995,32,0
155,340.008301,0,320,180,22.29865599997538,56.00053199987087,56.319355999903564,32,0
156,341.990288,0,320,180,99.88193799995315,213.82646999995814,214.22514099981527,32,0
157,343.99123,0,320,180,22.89699700008896,40.54601699999694,40.960109999787164,32,0
158,345.982591,0,320,180,23.167926000041916,40.26969599999575,40.61071799992533,32,0
159,347.99274,0,320,180,23.335186000167596,100.9639920000609,101.33414400002039,32,0
160,349.989437,0,320,180,23.426531000040995,42.494603000022835,42.863162000003285,32,0
161,352.005369,0,320,180,22.894768000014665,41.269097000167676,41.69018200013852,32,0
162,354.006942,0,320,180,93.75815700013845,239.79305400007433,240.1798640000834,32,0
163,356.023389,0,320,180,22.214469999880748,40.71867699985887,41.10465199983082,32,0
164,358.025531,0,320,180,22.843094000108977,74.97937200014348,75.33014199998433,32,0
165,360.044928,0,320,180,25.734118999935163,45.74772299997676,46.17438900004345,32,0
166,362.047428,0,320,180,72.79673800007913,83.7987190000149,84.17310000004363,32,0
167,364.023109,0,320,180,23.79191900013211,42.51864200000455,42.943496999896524,32,0
168,365.959488,0,320,180,22.77321800011123,40.01700799994978,40.382483000030334,32,0
169,367.911394,0,320,180,79.00139000003037,99.83899999997448,100.20452000003388,32,0
170,369.890474,0,320,180,23.363035999864223,58.778759000006175,59.166387999994186,32,0
171,371.863853,0,320,180,23.012297999912334,52.682630999925095,53.05899099994349,32,0
172,373.862059,0,320,180,99.3454719998681,117.1859209998729,117.59432999997443,32,0
173,375.84669,0,320,180,22.683274999963032,106.29102699999748,106.73645499991835,32,0
174,377.853293,0,320,180,24.482782999939445,44.38803299990468,44.76829199984422,32,0
175,379.846523,0,320,180,24.592280999968352,42.90844299998753,43.28294700007973,32,0
176,381.860639,0,320,180,95.30217699989407,149.17130499998166,149.55209900017508,32,0
177,383.860044,0,320,180,22.113360000048488,40.452051000102074,40.85613100005503,32,0
178,385.87589,0,320,180,22.54481299996769,39.871320999964155,40.25516499996229,32,0
179,387.879233,0,320,180,93.35908899993228,235.610123999777,235.9937449998597,32,0
180,389.895656,0,320,180,23.661240000137695,42.90035900021394,43.32228600014787,32,0
181,391.898809,0,320,180,23.26513100001648,41.0139479999998,41.42239999987396,32,0
182,393.91803,0,320,180,100.3320709999116,194.3093059999228,194.7196129999611,32,0
183,395.883096,0,320,180,22.155495999868435,39.134764999971594,39.465129000063826,32,0
