elapsed_seconds,during_webcam,gpu_used_mib,gpu_total_mib,gpu_utilization_pct
0.0,0,10321,32607,7
1.083977,0,10332,32607,3
2.162158,0,10826,32607,2
3.432187,0,10884,32607,3
4.536743,0,10888,32607,6
5.700481,0,10894,32607,3
6.837263,0,10940,32607,4
7.984754,0,10912,32607,4
9.250192,0,10912,32607,4
10.353333,0,10944,32607,4
11.541013,0,10946,32607,4
12.670532,0,10932,32607,4
13.759177,0,10998,32607,6
14.957987,0,11013,32607,4
16.03592,0,11018,32607,10
17.191638,0,11008,32607,8
18.300172,0,11034,32607,8
19.438922,0,11210,32607,8
20.661708,0,11853,32607,13
21.746397,0,11854,32607,35
23.005461,0,11372,32607,11
24.12144,0,12003,32607,3
25.209263,0,12029,32607,9
26.438434,0,12026,32607,3
27.572952,0,12028,32607,6
28.648099,0,11547,32607,6
29.754726,0,12057,32607,12
30.82736,0,12013,32607,21
31.912931,0,12011,32607,6
33.118236,0,12006,32607,8
34.184223,0,11997,32607,4
35.293922,0,11607,32607,5
36.566511,0,11096,32607,3
37.789863,0,11063,32607,10
38.890454,0,11315,32607,10
40.038606,0,11627,32607,19
41.135553,0,11614,32607,14
42.471389,0,11615,32607,25
43.55046,0,11663,32607,38
44.622766,0,11658,32607,15
45.70614,0,11658,32607,12
46.82805,0,11808,32607,17
47.918511,0,12144,32607,95
49.015152,0,12144,32607,95
50.221211,0,12150,32607,95
51.302101,0,14692,32607,3
52.418633,0,14739,32607,31
53.532063,0,14742,32607,25
54.676491,0,14729,32607,29
55.827558,0,14747,32607,27
56.975284,0,14749,32607,21
58.10246,0,14749,32607,28
59.22846,0,14745,32607,31
60.362983,0,14756,32607,24
61.486768,0,14757,32607,26
62.606466,0,14765,32607,33
63.745187,0,14769,32607,32
64.877647,0,14770,32607,27
66.003642,0,14759,32607,28
67.103526,0,14759,32607,29
68.229448,0,14750,32607,33
69.358264,0,14737,32607,26
70.438733,0,14634,32607,30
71.536686,0,12788,32607,97
72.700826,0,15984,32607,97
73.79274,0,15985,32607,99
74.876566,0,15988,32607,99
75.985268,0,16104,32607,97
77.093301,0,15854,32607,98
78.159303,0,14840,32607,16
79.233895,0,14677,32607,43
80.306254,0,15490,32607,96
81.37806,0,16055,32607,13
82.553959,0,16169,32607,3
83.649386,0,16222,32607,4
84.88799,0,16222,32607,2
86.093516,0,16193,32607,2
87.322247,0,16192,32607,4
88.535316,0,16190,32607,10
89.669082,0,16185,32607,5
90.907367,0,16185,32607,3
91.979526,0,16198,32607,6
93.095221,0,16205,32607,6
94.144765,0,16195,32607,7
95.167994,0,16198,32607,6
96.201404,0,16197,32607,4
97.231329,0,16180,32607,4
98.278391,0,16178,32607,6
99.327266,0,16198,32607,7
100.354693,0,16198,32607,4
101.379394,0,16196,32607,6
102.420874,0,16210,32607,30
103.466331,0,16584,32607,94
104.49426,0,16580,32607,90
105.523853,0,16576,32607,95
106.558833,0,19074,32607,2
107.608149,0,19117,32607,26
108.639505,0,19120,32607,32
109.660083,0,19123,32607,27
110.689089,0,19124,32607,27
111.719639,0,19125,32607,26
112.763431,0,19126,32607,25
113.79558,0,19125,32607,21
114.824501,0,19124,32607,29
115.859459,0,19116,32607,27
116.892414,0,19108,32607,26
117.932033,0,19107,32607,27
118.958937,0,19107,32607,33
119.997157,0,19107,32607,34
121.03909,0,19106,32607,30
122.070259,0,19154,32607,53
123.114319,0,19178,32607,52
124.14282,0,19198,32607,56
125.168401,0,17416,32607,97
126.195157,0,17407,32607,99
127.229009,0,17409,32607,99
128.260214,0,17497,32607,97
129.287707,0,17508,32607,97
130.318736,0,17490,32607,99
131.348327,0,16340,32607,5
132.378186,0,16700,32607,51
133.410672,0,16684,32607,94
134.439654,0,16309,32607,6
135.471137,0,16307,32607,3
136.494595,0,16331,32607,2
137.532216,0,16323,32607,3
138.561367,0,16303,32607,3
139.628329,0,16295,32607,4
140.658476,0,16349,32607,6
141.683582,0,16328,32607,6
142.724533,0,16322,32607,5
143.748137,0,16272,32607,10
144.771615,0,7867,32607,7
145.792074,0,7864,32607,13
146.815133,0,8039,32607,20
147.844244,0,7997,32607,8
148.869133,0,7975,32607,12
149.896965,0,7973,32607,11
150.919482,0,7961,32607,10
151.944769,0,7913,32607,14
152.965212,0,7944,32607,4
153.996979,0,7933,32607,4
155.04502,0,7933,32607,4
156.070289,0,8014,32607,9
157.09888,0,8016,32607,15
158.129501,0,8106,32607,10
159.162737,0,8094,32607,10
160.20276,0,8028,32607,8
161.241115,0,8025,32607,8
162.27801,0,8013,32607,13
163.30397,0,8101,32607,7
164.330861,0,8110,32607,5
165.363811,1,8113,32607,7
166.387168,1,8186,32607,8
167.423421,1,8160,32607,5
168.451699,1,8102,32607,6
169.49938,1,8046,32607,6
170.534675,1,8047,32607,5
171.563623,1,8103,32607,6
172.618795,1,8108,32607,9
173.638605,1,8111,32607,6
174.661485,1,8125,32607,5
175.693764,1,8119,32607,5
176.72875,1,8116,32607,5
177.747772,1,8110,32607,48
178.768509,1,8120,32607,6
179.81486,1,8116,32607,17
180.83754,1,8107,32607,5
181.859522,1,8105,32607,7
182.88371,1,8102,32607,6
183.914012,1,8061,32607,15
184.940462,1,8049,32607,6
185.96396,1,8125,32607,8
186.988805,1,8116,32607,6
188.024941,1,8079,32607,7
189.06907,1,8056,32607,10
190.104479,1,8066,32607,5
191.149061,1,8055,32607,5
192.177261,1,8052,32607,5
193.224283,1,8059,32607,6
194.273539,1,8059,32607,6
195.310453,1,8061,32607,5
196.349812,1,8052,32607,5
197.374734,1,8058,32607,5
198.39752,1,8062,32607,6
199.428554,1,8061,32607,6
200.456917,1,8064,32607,5
201.507944,1,8054,32607,5
202.539383,1,8059,32607,9
203.562507,1,8064,32607,18
204.609917,1,8066,32607,6
205.63667,1,8058,32607,5
206.673504,1,8068,32607,5
207.707634,1,8091,32607,82
208.745498,1,8124,32607,6
209.78299,1,8115,32607,84
210.823834,1,8111,32607,5
211.847032,1,8112,32607,6
212.87705,1,8120,32607,5
213.898533,1,8108,32607,7
214.942019,1,8095,32607,5
215.988923,1,8105,32607,7
217.010595,1,8095,32607,4
218.035675,1,8047,32607,6
219.060204,1,8045,32607,6
220.084736,1,8114,32607,6
221.107544,1,8090,32607,6
222.131795,1,8107,32607,6
223.159687,1,8093,32607,6
224.182357,1,8109,32607,6
225.213576,1,8083,32607,5
226.25635,1,8108,32607,5
227.282594,1,8089,32607,4
228.3082,1,8107,32607,6
229.335561,1,8093,32607,6
230.378307,1,8109,32607,5
231.403636,1,8081,32607,5
232.425962,1,8095,32607,5
233.451576,1,8095,32607,6
234.478841,1,8114,32607,5
235.507713,1,8087,32607,5
236.55137,1,8105,32607,5
237.575502,1,8098,32607,55
238.597009,1,8108,32607,5
239.617593,1,8108,32607,67
240.651703,1,8118,32607,5
241.680121,1,8111,32607,6
242.701003,1,8110,32607,5
243.727377,1,8112,32607,8
244.764842,1,8113,32607,5
245.78789,1,8110,32607,7
246.809487,1,8102,32607,4
247.84604,1,8113,32607,6
248.890758,1,8112,32607,6
249.912222,1,8111,32607,7
250.952756,1,8099,32607,3
251.97637,1,8109,32607,6
253.002444,1,8107,32607,5
254.046946,1,8103,32607,5
255.099266,1,8090,32607,5
256.129888,1,8113,32607,5
257.169548,1,8090,32607,5
258.19303,1,8111,32607,6
259.227186,1,8092,32607,6
260.256903,1,8112,32607,5
261.288323,1,8091,32607,22
262.313956,1,8103,32607,5
263.337868,1,8105,32607,8
264.362684,1,8134,32607,7
265.385685,1,8123,32607,5
266.410401,1,8128,32607,5
267.43214,1,8096,32607,8
268.453824,1,8125,32607,6
269.478648,1,8111,32607,9
270.500845,1,8124,32607,5
271.531864,1,8121,32607,73
272.554289,1,8119,32607,5
273.58079,1,8118,32607,77
274.610888,1,8120,32607,6
275.657499,1,8127,32607,8
276.697994,1,8129,32607,5
277.746964,1,8113,32607,7
278.7885,1,8120,32607,6
279.824722,1,8119,32607,6
280.852891,1,8123,32607,5
281.893893,1,8111,32607,6
282.936086,1,8123,32607,5
283.976799,1,8119,32607,6
285.019397,1,8115,32607,5
286.059644,1,8107,32607,4
287.107283,1,8102,32607,5
288.146792,1,8111,32607,6
289.169849,1,8112,32607,6
290.200271,1,8103,32607,5
291.2213,1,8109,32607,4
292.245854,1,8108,32607,5
293.273847,1,8089,32607,57
294.316943,1,8127,32607,6
295.343521,1,8114,32607,57
296.388951,1,8122,32607,5
297.422326,1,8115,32607,63
298.449629,1,8117,32607,6
299.483052,1,8112,32607,64
300.512342,1,8111,32607,5
301.537156,1,8095,32607,70
302.566843,1,8059,32607,5
303.588114,1,8066,32607,20
304.609305,1,8068,32607,5
305.655838,1,8110,32607,6
306.680646,1,8120,32607,6
307.702588,1,8115,32607,6
308.726492,1,8120,32607,5
309.750458,1,8120,32607,7
310.779548,1,8119,32607,5
311.808542,1,8119,32607,5
312.828678,1,8108,32607,5
313.855033,1,8123,32607,6
314.893446,1,8123,32607,4
315.915952,1,8118,32607,5
316.937818,1,8117,32607,4
317.958407,1,8131,32607,5
318.982745,1,8132,32607,5
320.007312,1,8121,32607,5
321.049723,1,8106,32607,5
322.084635,1,8113,32607,57
323.129661,1,8110,32607,6
324.163529,1,8085,32607,6
325.206323,1,8059,32607,6
326.24971,1,8096,32607,82
327.287288,1,8120,32607,6
328.320277,1,8140,32607,73
329.351319,1,8144,32607,5
330.405711,1,8216,32607,23
331.456732,1,8175,32607,5
332.484153,1,8114,32607,31
333.521229,1,8114,32607,5
334.545557,1,8091,32607,5
335.575089,1,8098,32607,4
336.601391,1,8098,32607,36
337.621549,1,8102,32607,5
338.65529,1,8083,32607,4
339.676712,1,8041,32607,6
340.704658,1,8101,32607,6
341.748297,1,8106,32607,24
342.770894,1,8106,32607,6
343.81413,1,8083,32607,6
344.841474,1,8039,32607,63
345.885324,1,8100,32607,5
346.917331,1,8089,32607,5
347.946188,1,8048,32607,6
348.971897,1,8040,32607,5
349.999971,1,8100,32607,5
351.02591,1,8101,32607,5
352.057807,1,8101,32607,6
353.089564,1,8101,32607,5
354.11781,1,8101,32607,7
355.150846,1,8102,32607,5
356.198893,1,8099,32607,54
357.227469,1,8096,32607,5
358.254503,1,8057,32607,5
359.303312,1,8103,32607,5
360.340675,1,8101,32607,76
361.397175,1,8102,32607,4
362.427473,1,8099,32607,86
363.461087,1,8179,32607,5
364.493412,1,8186,32607,73
365.524319,1,8183,32607,8
366.547494,1,8110,32607,7
367.581082,1,8107,32607,5
368.6085,1,8110,32607,7
369.644464,1,8103,32607,4
370.688954,1,8103,32607,6
371.710307,1,8096,32607,5
372.751188,1,8103,32607,5
373.780068,1,8095,32607,4
374.817198,1,8102,32607,5
375.855203,1,8097,32607,5
376.900825,1,8104,32607,5
377.941169,1,8095,32607,5
378.970091,1,8104,32607,5
380.000274,1,8093,32607,4
381.055455,1,8104,32607,5
382.077194,1,8098,32607,43
383.117998,1,8129,32607,9
384.144392,1,8128,32607,41
385.209509,1,8125,32607,5
386.361559,1,8110,32607,21
387.404618,1,8097,32607,5
388.435789,1,8064,32607,4
389.482878,1,8069,32607,2
390.525424,1,8057,32607,4
391.559918,1,8048,32607,5
392.584174,1,8030,32607,5
393.624132,1,8028,32607,7
394.645986,1,8031,32607,5
395.68633,1,8029,32607,3
396.744765,1,8027,32607,7
397.795129,1,8027,32607,5
398.828919,1,8033,32607,6
399.854511,1,8033,32607,7
400.874709,1,8004,32607,13
401.895215,1,8065,32607,4
402.917189,1,8063,32607,5
403.942863,1,8059,32607,6
404.996078,1,8058,32607,5
406.03427,1,8065,32607,10
407.061133,1,8142,32607,8
408.08464,1,8131,32607,7
409.108548,1,8134,32607,7
410.135265,1,8127,32607,4
411.169959,1,8118,32607,6
412.204565,1,8117,32607,5
413.25003,1,8129,32607,5
414.273157,1,8144,32607,7
415.312388,1,8146,32607,8
416.337043,1,8139,32607,9
417.393863,1,8158,32607,5
418.419786,1,8151,32607,4
419.446322,1,8150,32607,5
420.489514,1,8140,32607,25
421.51919,1,8149,32607,5
422.54528,1,8134,32607,33
423.578284,1,8148,32607,5
424.600905,1,8149,32607,32
425.650003,1,8150,32607,5
426.672699,1,8119,32607,39
427.736903,1,8121,32607,5
428.799914,1,8103,32607,5
429.824508,1,8125,32607,6
430.862709,1,8117,32607,5
431.890172,1,8125,32607,7
432.926818,1,8125,32607,4
433.951488,1,8129,32607,6
434.972404,1,8128,32607,4
436.017425,1,8125,32607,6
437.037182,1,8125,32607,4
438.078526,1,8125,32607,5
439.119887,1,8123,32607,4
440.170261,1,8124,32607,5
441.197589,1,8124,32607,5
442.248918,1,8124,32607,5
443.268695,1,8122,32607,40
444.307867,1,8131,32607,5
445.353395,1,8133,32607,46
446.374663,1,8124,32607,5
447.404113,1,8126,32607,47
448.47535,1,8120,32607,4
449.529637,1,8126,32607,9
450.57327,1,8128,32607,3
451.614606,1,8129,32607,12
452.663,1,8130,32607,4
453.687953,1,8141,32607,6
454.717624,1,8117,32607,4
455.740194,1,8071,32607,6
456.777593,1,8057,32607,6
457.801877,1,8120,32607,6
458.8447,1,8124,32607,10
459.866294,1,8147,32607,6
460.892092,1,8127,32607,5
461.917579,1,8084,32607,6
462.940592,1,8070,32607,5
463.970275,1,8131,32607,5
465.003961,1,8115,32607,5
466.040892,1,8122,32607,5
467.063445,1,8105,32607,5
468.100795,1,8123,32607,5
469.13421,1,8115,32607,5
470.183038,1,8122,32607,5
471.204239,1,8106,32607,11
472.227675,1,8127,32607,5
473.261847,1,8129,32607,19
474.30298,1,8127,32607,6
475.328546,1,8125,32607,12
476.351296,1,8130,32607,4
477.380437,1,8113,32607,98
478.426516,1,8068,32607,5
479.468548,1,8065,32607,6
480.521019,1,8059,32607,5
481.57395,1,8056,32607,5
482.613197,1,8054,32607,7
483.636646,1,8123,32607,7
484.6725,1,8107,32607,6
485.700136,1,8199,32607,6
486.745336,1,8169,32607,5
487.787714,1,8121,32607,5
488.815041,1,8139,32607,4
489.835306,1,8157,32607,6
490.879486,1,8149,32607,5
491.9414,1,8111,32607,6
492.982509,1,8101,32607,6
494.007482,1,8073,32607,7
495.031796,1,8073,32607,7
496.067299,1,8070,32607,5
497.1048,1,8066,32607,4
498.127146,1,8070,32607,5
499.177436,1,8068,32607,20
500.279853,1,8196,32607,6
501.308489,1,8191,32607,11
502.339369,1,8171,32607,4
503.366091,1,8105,32607,6
504.388627,1,8106,32607,5
505.431645,1,8147,32607,7
506.474393,1,8145,32607,7
507.512468,1,8141,32607,7
508.564857,1,8146,32607,5
509.617702,1,8148,32607,5
510.646606,1,8163,32607,6
511.700631,1,8112,32607,7
512.723809,1,8103,32607,7
513.771549,1,8157,32607,7
514.809026,1,8127,32607,7
515.846169,1,8147,32607,7
516.875839,1,8284,32607,5
517.897645,1,8248,32607,7
518.923407,1,8145,32607,15
519.969258,1,8233,32607,6
521.00483,1,8217,32607,12
522.03665,1,8211,32607,6
523.073903,1,8206,32607,19
524.104155,1,8240,32607,7
525.139405,1,8433,32607,12
526.179016,1,8421,32607,8
527.220385,1,8351,32607,22
528.247029,1,8224,32607,11
529.269599,1,8197,32607,11
530.291533,1,8232,32607,6
531.31165,1,8241,32607,6
532.354428,1,8212,32607,7
533.402552,1,8122,32607,5
534.427254,1,8193,32607,5
535.471219,1,8257,32607,10
536.509345,1,8235,32607,6
537.531376,1,8228,32607,6
538.552915,1,8224,32607,5
539.594723,1,8188,32607,5
540.618722,1,8178,32607,8
541.642856,1,8171,32607,8
542.67717,1,8127,32607,8
543.717657,1,8130,32607,7
544.75204,1,8122,32607,9
545.792939,1,8072,32607,6
546.846225,1,8071,32607,65
547.869182,1,8071,32607,5
548.916915,1,8070,32607,20
549.951385,1,8067,32607,5
550.978319,1,8073,32607,19
552.019963,1,8070,32607,4
553.047728,1,8116,32607,78
554.070009,1,8132,32607,5
555.095449,1,8221,32607,23
556.11998,1,8214,32607,7
557.144207,1,8168,32607,8
558.185936,1,8156,32607,5
559.237182,1,8192,32607,13
560.260964,1,8185,32607,5
561.28164,0,8160,32607,6
562.319245,0,8093,32607,10
563.341418,0,8103,32607,5
564.360071,0,8097,32607,8
565.396562,0,8104,32607,7
566.422786,0,8102,32607,12
567.453036,0,8121,32607,12
568.489718,0,8107,32607,10
569.50943,0,8104,32607,13
570.537395,0,8112,32607,14
571.559887,0,8099,32607,8
572.58728,0,8115,32607,14
573.610349,0,8112,32607,17
574.631237,0,8100,32607,8
575.668096,0,8099,32607,8
576.694807,0,8100,32607,6
577.744387,0,8112,32607,16
578.767806,0,8098,32607,10
579.794174,0,8091,32607,6
580.834034,0,8093,32607,12
581.859198,0,8119,32607,8
582.889853,0,8100,32607,12
583.946223,0,8098,32607,11
584.976595,0,8096,32607,6
586.005022,0,8099,32607,12
587.048911,0,8099,32607,11
588.080858,0,8093,32607,8
589.111383,0,8095,32607,8
590.146967,0,8091,32607,7
591.179742,0,8095,32607,9
592.220238,0,8090,32607,8
593.26149,0,8090,32607,9
594.285348,0,8079,32607,10
595.309108,0,8080,32607,11
596.329734,0,8079,32607,11
